number,item_id,name,born,died,nationality,nationality_distractor,occupation,occupation_distractor,lifetime,life_status,life_status_distractor,life_status_year_verb,life_status_year_verb_distractor,life_status_year_before,life_status_year_after,life_status_year_before_match,life_status_year_correct,bio,critical,pronoun,verb,adjectiv,np,spillover1,spillover2,bio_pic,bio_spr,critical_spr,type,tense,condition,match,mismatch,list,bare_verb,prac_correct,prac_incorrect,file_name,pre_task
1,1,Anthony Hopkins,1963,alive,Welsh,French,actor,singer,alive,alive,dead,born,died,before 1925,after 1925,no,after 1925,Anthony Hopkins is a Welsh actor. He lives in Los Angeles.,"He has received prestigious acting awards, as reported by his website.",He,has received,prestigious,"acting awards,",as reported by,his website.,"Look at the picture of Anthony Hopkins, a Welsh actor.",Anthony Hopkins*is*a Welsh*actor.*He*lives*in Los Angeles.,"He*has received*prestigious*acting awards,*as reported by*his website.",critical,PP,alivePP,yes,match,1,receive,crit,crit,Anthony_Hopkins.jpg,yes
2,1,Anthony Hopkins,1963,alive,Welsh,French,actor,singer,alive,alive,dead,born,died,before 1925,after 1925,no,after 1925,Anthony Hopkins is a Welsh actor. He lives in Los Angeles.,"He received prestigious acting awards, as reported by his website.",He,received,prestigious,"acting awards,",as reported by,his website.,"Look at the picture of Anthony Hopkins, a Welsh actor.",Anthony Hopkins*is*a Welsh*actor.*He*lives*in Los Angeles.,"He*received*prestigious*acting awards,*as reported by*his website.",critical,PS,alivePS,no,alivePS,2,receive,crit,crit,Anthony_Hopkins.jpg,yes
7,2,Johnny Depp,1963,alive,American,Irish,actor,politician,alive,alive,dead,born,died,before 1925,after 1925,no,after 1925,Johnny Depp is an American actor. He lives in Los Angeles.,"He has starred in critically acclaimed film productions, so his memoir says.",He,has starred,in critically acclaimed,"film productions,",so his,memoir says.,"Look at the picture of Johnny Depp, an American actor.",Johnny Depp*is*an American*actor.*He*lives*in Los Angeles.,"He*has starred*in critically acclaimed*film productions,*so his*memoir says.",critical,PP,alivePP,yes,match,2,star,crit,crit,Johnny_Depp.jpg,yes
8,2,Johnny Depp,1963,alive,American,Irish,actor,politician,alive,alive,dead,born,died,before 1925,after 1925,no,after 1925,Johnny Depp is an American actor. He lives in Los Angeles.,"He starred in critically acclaimed film productions, so his memoir says.",He,starred,in critically acclaimed,"film productions,",so his,memoir says.,"Look at the picture of Johnny Depp, an American actor.",Johnny Depp*is*an American*actor.*He*lives*in Los Angeles.,"He*starred*in critically acclaimed*film productions,*so his*memoir says.",critical,PS,alivePS,no,alivePS,3,star,crit,crit,Johnny_Depp.jpg,yes
13,3,Tom Hanks,1956,alive,American,French,actor,musician,alive,alive,dead,born,died,before 1925,after 1925,no,after 1925,Tom Hanks is an American actor. He lives in Los Angeles.,"He has performed in award-winning blockbusters, as reported by the media.",He,has performed,in award-winning,"blockbusters,",as reported by,the media.,"Look at the picture of Tom Hanks, an American actor.",Tom Hanks*is*an American*actor.*He*lives*in Los Angeles.,"He*has performed*in award-winning*blockbusters,*as reported by*the media.",critical,PP,alivePP,yes,match,3,perform,crit,crit,Tom_Hanks.jpg,yes
14,3,Tom Hanks,1956,alive,American,French,actor,musician,alive,alive,dead,born,died,before 1925,after 1925,no,after 1925,Tom Hanks is an American actor. He lives in Los Angeles.,"He performed in award-winning blockbusters, as reported by the media.",He,performed,in award-winning,"blockbusters,",as reported by,the media.,"Look at the picture of Tom Hanks, an American actor.",Tom Hanks*is*an American*actor.*He*lives*in Los Angeles.,"He*performed*in award-winning*blockbusters,*as reported by*the media.",critical,PS,alivePS,no,alivePS,4,perform,crit,crit,Tom_Hanks.jpg,yes
19,4,Rowan Atkinson,1955,alive,English,Danish,actor,scientist,alive,alive,dead,born,died,before 1925,after 1925,no,after 1925,Rowan Atkinson is an English actor. He lives in London.,"He has appeared in critically lauded comedies, according to his biographer.",He,has appeared,in critically lauded,"comedies,",according to,his biographer.,"Look at the picture of Rowan Atkinson, an English actor.",Rowan Atkinson*is*an English*actor.*He*lives*in London.,"He*has appeared*in critically lauded*comedies,*according to*his biographer.",critical,PP,alivePP,yes,match,4,appear,crit,crit,Rowan_Atkinson.png,yes
20,4,Rowan Atkinson,1955,alive,English,Danish,actor,scientist,alive,alive,dead,born,died,before 1925,after 1925,no,after 1925,Rowan Atkinson is an English actor. He lives in London.,"He appeared in critically lauded comedies, according to his biographer.",He,appeared,in critically lauded,"comedies,",according to,his biographer.,"Look at the picture of Rowan Atkinson, an English actor.",Rowan Atkinson*is*an English*actor.*He*lives*in London.,"He*appeared*in critically lauded*comedies,*according to*his biographer.",critical,PS,alivePS,no,alivePS,5,appear,crit,crit,Rowan_Atkinson.png,yes
25,6,Kate Winslet,1972,alive,English,Canadian,actress,politician,alive,alive,dead,born,died,before 1925,after 1925,no,after 1925,Kate Winslet is an English actress. She lives in West Sussex.,"She has starred in well-received dramas, so her Wikipedia page states.",She,has starred,in well-received,"dramas,",so her,Wikipedia page states.,"Look at the picture of Kate Winslet, an English actress.",Kate Winslet*is*an English*actress.*She*lives*in West Sussex.,"She*has starred*in well-received*dramas,*so her*Wikipedia page states.",critical,PP,alivePP,yes,match,5,star,crit,crit,Kate_Winslet.jpg,yes
26,6,Kate Winslet,1972,alive,English,Canadian,actress,politician,alive,alive,dead,born,died,before 1925,after 1925,no,after 1925,Kate Winslet is an English actress. She lives in West Sussex.,"She starred in well-received dramas, so her Wikipedia page states.",She,starred,in well-received,"dramas,",so her,Wikipedia page states.,"Look at the picture of Kate Winslet, an English actress.",Kate Winslet*is*an English*actress.*She*lives*in West Sussex.,"She*starred*in well-received*dramas,*so her*Wikipedia page states.",critical,PS,alivePS,no,alivePS,6,star,crit,crit,Kate_Winslet.jpg,yes
31,7,Joaquin Phoenix,1974,alive,American,French,actor,businessman,alive,alive,dead,born,died,before 1925,after 1925,no,after 1925,Joaquin Phoenix is an American actor. He lives in Los Angeles.,"He has worked with well-known film directors, according to his website.",He,has worked,with well-known,"film directors,",according to,his website.,"Look at the picture of Joaquin Phoenix, an American actor.",Joaquin Phoenix*is*an American*actor.*He*lives*in Los Angeles.,"He*has worked*with well-known*film directors,*according to*his website.",critical,PP,alivePP,yes,match,6,work,crit,crit,Joaquin_Phoenix.jpg,yes
32,7,Joaquin Phoenix,1974,alive,American,French,actor,businessman,alive,alive,dead,born,died,before 1925,after 1925,no,after 1925,Joaquin Phoenix is an American actor. He lives in Los Angeles.,"He worked with well-known film directors, according to his website.",He,worked,with well-known,"film directors,",according to,his website.,"Look at the picture of Joaquin Phoenix, an American actor.",Joaquin Phoenix*is*an American*actor.*He*lives*in Los Angeles.,"He*worked*with well-known*film directors,*according to*his website.",critical,PS,alivePS,no,alivePS,1,work,crit,crit,Joaquin_Phoenix.jpg,yes
37,8,Matt Damon,1970,alive,American,Welsh,actor,fashion designer,alive,alive,dead,born,died,before 1925,after 1925,no,after 1925,Matt Damon is an American actor. He lives in Florida.,"He has appeared with important Hollywood stars, as stated in his biography.",He,has appeared,with important,"Hollywood stars,",as stated in,his biography.,"Look at the picture of Matt Damon, an American actor.",Matt Damon*is*an American*actor.*He*lives*in Florida.,"He*has appeared*with important*Hollywood stars,*as stated in*his biography.",critical,PP,alivePP,yes,match,1,appear,crit,crit,Matt_Damon.jpg,yes
38,8,Matt Damon,1970,alive,American,Welsh,actor,fashion designer,alive,alive,dead,born,died,before 1925,after 1925,no,after 1925,Matt Damon is an American actor. He lives in Florida.,"He appeared with important Hollywood stars, as stated in his biography.",He,appeared,with important,"Hollywood stars,",as stated in,his biography.,"Look at the picture of Matt Damon, an American actor.",Matt Damon*is*an American*actor.*He*lives*in Florida.,"He*appeared*with important*Hollywood stars,*as stated in*his biography.",critical,PS,alivePS,no,alivePS,2,appear,crit,crit,Matt_Damon.jpg,yes
43,9,Brad Pitt,1963,alive,American,Canadian,actor,scientist,alive,alive,dead,born,died,before 1925,after 1925,no,after 1925,Brad Pitt is an American actor. He lives in Los Angeles.,"He has released well-received motion pictures, according to his biographer.",He,has released,well-received,"motion pictures,",according to,his biographer.,"Look at the picture of Brad Pitt, a American actor.",Brad Pitt*is*an American*actor.*He*lives*in Los Angeles.,"He*has released*well-received*motion pictures,*according to*his biographer.",critical,PP,alivePP,yes,match,2,release,crit,crit,Brad_Pitt.jpg,yes
44,9,Brad Pitt,1963,alive,American,Canadian,actor,scientist,alive,alive,dead,born,died,before 1925,after 1925,no,after 1925,Brad Pitt is an American actor. He lives in Los Angeles.,"He released well-received motion pictures, according to his biographer.",He,released,well-received,"motion pictures,",according to,his biographer.,"Look at the picture of Brad Pitt, a American actor.",Brad Pitt*is*an American*actor.*He*lives*in Los Angeles.,"He*released*well-received*motion pictures,*according to*his biographer.",critical,PS,alivePS,no,alivePS,3,release,crit,crit,Brad_Pitt.jpg,yes
49,10,Keanu Reeves,1964,alive,Canadian,American,actor,businessman,alive,alive,dead,born,died,before 1925,after 1925,no,after 1925,Keanu Reeves is a Canadian actor. He lives in Los Angeles.,"He has played in numerous successful films, as reported by the media.",He,has played,in numerous,"successful films,",as reported by,the media.,"Look at the picture of Keanu Reeves, a Canadian actor.",Keanu Reeves*is*a Canadian*actor.*He*lives*in Los Angeles.,"He*has played*in numerous*successful films,*as reported by*the media.",critical,PP,alivePP,yes,match,3,play,crit,crit,Keanu_Reeves.jpg,yes
50,10,Keanu Reeves,1964,alive,Canadian,American,actor,businessman,alive,alive,dead,born,died,before 1925,after 1925,no,after 1925,Keanu Reeves is a Canadian actor. He lives in Los Angeles.,"He played in numerous successful films, as reported by the media.",He,played,in numerous,"successful films,",as reported by,the media.,"Look at the picture of Keanu Reeves, a Canadian actor.",Keanu Reeves*is*a Canadian*actor.*He*lives*in Los Angeles.,"He*played*in numerous*successful films,*as reported by*the media.",critical,PS,alivePS,no,alivePS,4,play,crit,crit,Keanu_Reeves.jpg,yes
55,11,Emma Watson,1990,alive,English,American,actress,film-maker,alive,alive,dead,born,died,before 1925,after 1925,no,after 1925,Emma Watson is an English actress. She lives in Los Angeles.,"She has starred in prominent feature films, as reported by the media.",She,has starred,in prominent,"feature movies,",as reported by,the media.,"Look at the picture of Emma Watson, an English actress.",Emma Watson*is*an English*actress.*She*lives*in Los Angeles.,"She*has starred*in prominent*feature films,*as reported by*the media.",critical,PP,alivePP,yes,match,4,star,crit,crit,Emma_Watson.jpg,yes
56,11,Emma Watson,1990,alive,English,American,actress,film-maker,alive,alive,dead,born,died,before 1925,after 1925,no,after 1925,Emma Watson is an English actress. She lives in Los Angeles.,"She starred in prominent feature films, as reported by the media.",She,starred,in prominent,"feature movies,",as reported by,the media.,"Look at the picture of Emma Watson, an English actress.",Emma Watson*is*an English*actress.*She*lives*in Los Angeles.,"She*starred*in prominent*feature films,*as reported by*the media.",critical,PS,alivePS,no,alivePS,5,star,crit,crit,Emma_Watson.jpg,yes
61,12,David Lynch,1946,alive,American,Russian,film-maker,scientist,alive,alive,dead,born,died,before 1925,after 1925,no,after 1925,David Lynch is an American film-maker. He lives in Los Angeles.,"He has produced well-received feature films, according to Wikipedia.",He,has produced,well-received,"feature films,",according to,Wikipedia.,"Look at the picture of David Lynch, an American film-maker.",David Lynch*is*an American*film-maker.*He*lives*in Los Angeles.,"He*has produced*well-received*feature films,*according to*Wikipedia.",critical,PP,alivePP,yes,match,5,produce,crit,crit,David_Lynch.png,yes
62,12,David Lynch,1946,alive,American,Russian,film-maker,scientist,alive,alive,dead,born,died,before 1925,after 1925,no,after 1925,David Lynch is an American film-maker. He lives in Los Angeles.,"He produced well-received feature films, according to Wikipedia.",He,produced,well-received,"feature films,",according to,Wikipedia.,"Look at the picture of David Lynch, an American film-maker.",David Lynch*is*an American*film-maker.*He*lives*in Los Angeles.,"He*produced*well-received*feature films,*according to*Wikipedia.",critical,PS,alivePS,no,alivePS,6,produce,crit,crit,David_Lynch.png,yes
67,13,Childish Gambino,1983,alive,American,Australian,musician,comedian,alive,alive,dead,born,died,before 1925,after 1925,no,after 1925,Childish Gambino is an American musician. He lives in New York City.,"He has released popular music records, according to the media.",He,has released,popular,"music records,",according to,the media.,"Look at the picture of Childish Gambino, an American musician.",Childish Gambino*is*an American*musician.*He*lives*in New York City.,"He*has released*popular*music records,*according to*the media.",critical,PP,alivePP,yes,match,6,release,crit,crit,Childish_Gambino.jpg,yes
68,13,Childish Gambino,1983,alive,American,Australian,musician,comedian,alive,alive,dead,born,died,before 1925,after 1925,no,after 1925,Childish Gambino is an American musician. He lives in New York City.,"He released popular music records, according to the media.",He,released,popular,"music records,",according to,the media.,"Look at the picture of Childish Gambino, an American musician.",Childish Gambino*is*an American*musician.*He*lives*in New York City.,"He*released*popular*music records,*according to*the media.",critical,PS,alivePS,no,alivePS,1,release,crit,crit,Childish_Gambino.jpg,yes
73,14,Bruno Mars,1985,alive,American,Irish,musician,film-maker,alive,alive,dead,born,died,before 1925,after 1925,no,after 1925,Bruno Mars is an American musician. He lives in Los Angeles.,"He has performed in numerous music festivals, as reported by his biographer.",He,has performed,in numerous,"music festivals,",as reported by,his biographer.,"Look at the picture of Bruno Mars, an American musician.",Bruno Mars*is*an American*musician.*He*lives*in Los Angeles.,"He*has performed*in numerous*music festivals,*as reported by*his biographer.",critical,PP,alivePP,yes,match,1,perform,crit,crit,Bruno_Mars.jpg,yes
74,14,Bruno Mars,1985,alive,American,Irish,musician,film-maker,alive,alive,dead,born,died,before 1925,after 1925,no,after 1925,Bruno Mars is an American musician. He lives in Los Angeles.,"He performed in numerous music festivals, as reported by his biographer.",He,performed,in numerous,"music festivals,",as reported by,his biographer.,"Look at the picture of Bruno Mars, an American musician.",Bruno Mars*is*an American*musician.*He*lives*in Los Angeles.,"He*performed*in numerous*music festivals,*as reported by*his biographer.",critical,PS,alivePS,no,alivePS,2,perform,crit,crit,Bruno_Mars.jpg,yes
79,17,Justin Timberlake,1981,alive,American,Irish,musician,actor,alive,alive,dead,born,died,before 1925,after 1925,no,after 1925,Justin Timberlake is an American musician. He lives in California.,"He has played in numerous music halls, so his biography states.",He,has played,in numerous,"music halls,",so his,biography states.,"Look at the picture of Justin Timberlake, an American musician.",Justin Timberlake*is*an American*musician.*He*lives*in California.,"He*has played*in numerous*music halls,*so his*biography states.",critical,PP,alivePP,yes,match,2,play,crit,crit,Justin_Timberlake.jpg,yes
80,17,Justin Timberlake,1981,alive,American,Irish,musician,actor,alive,alive,dead,born,died,before 1925,after 1925,no,after 1925,Justin Timberlake is an American musician. He lives in California.,"He played in numerous music halls, so his biography states.",He,played,in numerous,"music halls,",so his,biography states.,"Look at the picture of Justin Timberlake, an American musician.",Justin Timberlake*is*an American*musician.*He*lives*in California.,"He*played*in numerous*music halls,*so his*biography states.",critical,PS,alivePS,no,alivePS,3,play,crit,crit,Justin_Timberlake.jpg,yes
85,18,Bob Dylan,1941,alive,American,Australian,musician,royal,alive,alive,dead,born,died,before 1925,after 1925,no,after 1925,Bob Dylan is an American musician. He lives in California.,"He has played numerous concerts, according to his memoir.",He,has played,numerous,"concerts,",according to,his memoir.,"Look at the picture of Bob Dylan, an American musician.",Bob Dylan*is*an American*musician.*He*lives*in California.,"He*has played*numerous*concerts,*according to*his memoir.",critical,PP,alivePP,yes,match,3,play,crit,crit,Bob_Dylan.jpg,yes
86,18,Bob Dylan,1941,alive,American,Australian,musician,royal,alive,alive,dead,born,died,before 1925,after 1925,no,after 1925,Bob Dylan is an American musician. He lives in California.,"He played numerous concerts, according to his memoir.",He,played,numerous,"concerts,",according to,his memoir.,"Look at the picture of Bob Dylan, an American musician.",Bob Dylan*is*an American*musician.*He*lives*in California.,"He*played*numerous*concerts,*according to*his memoir.",critical,PS,alivePS,no,alivePS,4,play,crit,crit,Bob_Dylan.jpg,yes
91,19,Nick Cave,1957,alive,Australian,American,musician,politician,alive,alive,dead,born,died,before 1925,after 1925,no,after 1925,Nick Cave is an Australian musician. He lives in Brighton.,"He has sold popular records, so his memoir says.",He,has sold,popular,"records,",so his,memoir says.,"Look at the picture of Nick Cave, an Australian musician.",Nick Cave*is*an Australian*musician.*He*lives*in Brighton.,"He*has sold*popular*records,*so his*memoir says.",critical,PP,alivePP,yes,match,4,sell,crit,crit,Nick_Cave.png,yes
92,19,Nick Cave,1957,alive,Australian,American,musician,politician,alive,alive,dead,born,died,before 1925,after 1925,no,after 1925,Nick Cave is an Australian musician. He lives in Brighton.,"He sold popular records, so his memoir says.",He,sold,popular,"records,",so his,memoir says.,"Look at the picture of Nick Cave, an Australian musician.",Nick Cave*is*an Australian*musician.*He*lives*in Brighton.,"He*sold*popular*records,*so his*memoir says.",critical,PS,alivePS,no,alivePS,5,sell,crit,crit,Nick_Cave.png,yes
97,20,Britney Spears,1986,alive,American,Polish,singer,actress,alive,alive,dead,born,died,before 1925,after 1925,no,after 1925,Britney Spears is an American singer. She lives in California.,"She has performed in prestigious arenas, as stated in her biography.",She,has performed,in prestigious,"arenas,",as stated in,her biography.,"Look at the picture of Britney Spears, an American singer.",Britney Spears*is*an American*singer.*She*lives*in California.,"She*has performed*in prestigious*arenas,*as stated in*her biography.",critical,PP,alivePP,yes,match,5,perform,crit,crit,Britney_Spears.png,yes
98,20,Britney Spears,1986,alive,American,Polish,singer,actress,alive,alive,dead,born,died,before 1925,after 1925,no,after 1925,Britney Spears is an American singer. She lives in California.,"She performed in prestigious arenas, as stated in her biography.",She,performed,in prestigious,"arenas,",as stated in,her biography.,"Look at the picture of Britney Spears, an American singer.",Britney Spears*is*an American*singer.*She*lives*in California.,"She*performed*in prestigious*arenas,*as stated in*her biography.",critical,PS,alivePS,no,alivePS,6,perform,crit,crit,Britney_Spears.png,yes
103,21,Lana Del Rey,1985,alive,American,French,musician,politician,alive,alive,dead,born,died,before 1925,after 1925,no,after 1925,Lana Del Rey is an American musician. She lives in Los Angeles.,"She has appeared in popular music videos, as stated in her memoir.",She,has appeared,in popular,"music videos,",as stated in,her memoir.,"Look at the picture of Lana Del Rey, an American musician.",Lana Del Rey*is*an American*musician.*She*lives*in Los Angeles.,"She*has appeared*in popular*music videos,*as stated in*her memoir.",critical,PP,alivePP,yes,match,6,appear,crit,crit,Lana_del_Rey.jpg,yes
104,21,Lana Del Rey,1985,alive,American,French,musician,politician,alive,alive,dead,born,died,before 1925,after 1925,no,after 1925,Lana Del Rey is an American musician. She lives in Los Angeles.,"She appeared in popular music videos, as stated in her memoir.",She,appeared,in popular,"music videos,",as stated in,her memoir.,"Look at the picture of Lana Del Rey, an American musician.",Lana Del Rey*is*an American*musician.*She*lives*in Los Angeles.,"She*appeared*in popular*music videos,*as stated in*her memoir.",critical,PS,alivePS,no,alivePS,1,appear,crit,crit,Lana_del_Rey.jpg,yes
109,22,Noam Chomsky,1928,alive,American,Czech,scientist,musician,alive,alive,dead,born,died,before 1925,after 1925,no,after 1925,Noam Chomsky is an American scientist. He lives in Arizona.,"He has received prestigious scientific awards, as reported by his memoir.",He,has received,prestigious,"scientific awards,",as reported by,his memoir.,"Look at the picture of Noam Chomsky, an American scientist.",Noam Chomsky*is*an American*scientist.*He*lives*in Arizona.,"He*has received*prestigious*scientific awards,*as reported by*his memoir.",critical,PP,alivePP,yes,match,1,receive,crit,crit,Noam_Chomsky.jpg,yes
110,22,Noam Chomsky,1928,alive,American,Czech,scientist,musician,alive,alive,dead,born,died,before 1925,after 1925,no,after 1925,Noam Chomsky is an American scientist. He lives in Arizona.,"He received prestigious scientific awards, as reported by his memoir.",He,received,prestigious,"scientific awards,",as reported by,his memoir.,"Look at the picture of Noam Chomsky, an American scientist.",Noam Chomsky*is*an American*scientist.*He*lives*in Arizona.,"He*received*prestigious*scientific awards,*as reported by*his memoir.",critical,PS,alivePS,no,alivePS,2,receive,crit,crit,Noam_Chomsky.jpg,yes
115,23,Boris Johnson,1964,alive,British,Irish,politician,singer,alive,alive,dead,born,died,before 1925,after 1925,no,after 1925,Boris Johnson is a British politician. He lives in London.,"He has appeared in prominent political debates, as reported by the media.",He,has appeared,in prominent,"political debates,",as reported by,the media.,"Look at the picture of Boris Johnson, a British politician.",Boris Johnson*is*a British*politician.*He*lives*in London.,"He*has appeared*in prominent*political debates,*as reported by*the media.",critical,PP,alivePP,yes,match,2,appear,crit,crit,Boris_Johnson.png,yes
116,23,Boris Johnson,1964,alive,British,Irish,politician,singer,alive,alive,dead,born,died,before 1925,after 1925,no,after 1925,Boris Johnson is a British politician. He lives in London.,"He appeared in prominent political debates, as reported by the media.",He,appeared,in prominent,"political debates,",as reported by,the media.,"Look at the picture of Boris Johnson, a British politician.",Boris Johnson*is*a British*politician.*He*lives*in London.,"He*appeared*in prominent*political debates,*as reported by*the media.",critical,PS,alivePS,no,alivePS,3,appear,crit,crit,Boris_Johnson.png,yes
121,25,Emmanuel Macron,1977,alive,French,British,politician,comedian,alive,alive,dead,born,died,before 1925,after 1925,no,after 1925,Emmanuel Macron is a French politician. He lives in Paris.,"He has won important elections, as stated in his biography.",He,has won,important,"elections,",as stated in,his biography.,"Look at the picture of Emmanuel Macron, a French politician.",Emmanuel Macron*is*a French*politician.*He*lives*in Paris.,"He*has won*important*elections,*as stated in*his biography.",critical,PP,alivePP,yes,match,3,win,crit,crit,Emmanuel_Macron.jpg,yes
122,25,Emmanuel Macron,1977,alive,French,British,politician,comedian,alive,alive,dead,born,died,before 1925,after 1925,no,after 1925,Emmanuel Macron is a French politician. He lives in Paris.,"He won important elections, as stated in his biography.",He,won,important,"elections,",as stated in,his biography.,"Look at the picture of Emmanuel Macron, a French politician.",Emmanuel Macron*is*a French*politician.*He*lives*in Paris.,"He*won*important*elections,*as stated in*his biography.",critical,PS,alivePS,no,alivePS,4,win,crit,crit,Emmanuel_Macron.jpg,yes
127,26,Angela Merkel,1954,alive,German,Swiss,politician,activist,alive,alive,dead,born,died,before 1925,after 1925,no,after 1925,Angela Merkel is a German politician. She lives in Berlin.,"She has won well-deserved re-elections, so her biography states.",She,has won,well-deserved,"re-elections, ",so her,biography states.,"Look at the picture of Angela Merkel, a German politician.",Angela Merkel*is*a German*politician.*She*lives*in Berlin.,"She*has won*well-deserved*re-elections,*so her*biography states.",critical,PP,alivePP,yes,match,4,win,crit,crit,Angela_Merkel.jpg,yes
128,26,Angela Merkel,1954,alive,German,Swiss,politician,activist,alive,alive,dead,born,died,before 1925,after 1925,no,after 1925,Angela Merkel is a German politician. She lives in Berlin.,"She won well-deserved re-elections, so her biography states.",She,won,well-deserved,"re-elections, ",so her,biography states.,"Look at the picture of Angela Merkel, a German politician.",Angela Merkel*is*a German*politician.*She*lives*in Berlin.,"She*won*well-deserved*re-elections,*so her*biography states.",critical,PS,alivePS,no,alivePS,5,win,crit,crit,Angela_Merkel.jpg,yes
133,31,John Oliver,1977,alive,British,Swedish,TV personality,musician,alive,alive,dead,born,died,before 1925,after 1925,no,after 1925,John Oliver is a British TV personality. He lives in New York City.,"He has hosted high-ranking TV programs, as stated on Wikipedia.",He,has hosted,high-ranking,"TV programs,",as stated on,Wikipedia.,"Look at the picture of John Oliver, a British TV personality.",John Oliver*is*a British*TV personality.*He*lives*in New York City.,"He*has hosted*high-ranking*TV programs,*as stated on*Wikipedia.",critical,PP,alivePP,yes,match,5,host,crit,crit,John_Oliver.png,yes
134,31,John Oliver,1977,alive,British,Swedish,TV personality,musician,alive,alive,dead,born,died,before 1925,after 1925,no,after 1925,John Oliver is a British TV personality. He lives in New York City.,"He hosted high-ranking TV programs, as stated on Wikipedia.",He,hosted,high-ranking,"TV programs,",as stated on,Wikipedia.,"Look at the picture of John Oliver, a British TV personality.",John Oliver*is*a British*TV personality.*He*lives*in New York City.,"He*hosted*high-ranking*TV programs,*as stated on*Wikipedia.",critical,PS,alivePS,no,alivePS,6,host,crit,crit,John_Oliver.png,yes
139,32,Prince William,1982,alive,British,Canadian,royal,activist,alive,alive,dead,born,died,before 1925,after 1925,no,after 1925,Prince William is a British royal. He lives in London.,"He has received numerous royal titles, as reported by his biographer.",He,has received,numerous,"royal titles,",as reported by,his biographer.,"Look at the picture of Prince William, a British royal.",Prince William*is*a British*royal.*He*lives*in London.,"He*has received*numerous*royal titles,*as reported by*his biographer.",critical,PP,alivePP,yes,match,6,receive,crit,crit,Prince_William.png,yes
140,32,Prince William,1982,alive,British,Canadian,royal,activist,alive,alive,dead,born,died,before 1925,after 1925,no,after 1925,Prince William is a British royal. He lives in London.,"He received numerous royal titles, as reported by his biographer.",He,received,numerous,"royal titles,",as reported by,his biographer.,"Look at the picture of Prince William, a British royal.",Prince William*is*a British*royal.*He*lives*in London.,"He*received*numerous*royal titles,*as reported by*his biographer.",critical,PS,alivePS,no,alivePS,1,receive,crit,crit,Prince_William.png,yes
3,1,Charlie Chaplin,1889,1977,English,American,actor,singer,historically,dead,alive,died,born,before 2000,after 2000,yes,before 2000,Charlie Chaplin was an English actor. He died in Switzerland.,"He has received prestigious acting awards, as reported by his website.",He,has received,prestigious,"acting awards,",as reported by,his website.,"Look at the picture of Charlie Chaplin, a English actor.",Charlie Chaplin*was*an English*actor.*He*died*in Switzerland.,"He*has received*prestigious*acting awards,*as reported by*his website.",critical,PP,historicallyPP,no,historicallyPP,3,receive,crit,crit,Charlie_Chaplin.jpg,yes
4,1,Charlie Chaplin,1889,1977,English,American,actor,singer,historically,dead,alive,died,born,before 2000,after 2000,yes,before 2000,Charlie Chaplin was an English actor. He died in Switzerland.,"He received prestigious acting awards, as reported by his website.",He,received,prestigious,"acting awards,",as reported by,his website.,"Look at the picture of Charlie Chaplin, a English actor.",Charlie Chaplin*was*an English*actor.*He*died*in Switzerland.,"He*received*prestigious*acting awards,*as reported by*his website.",critical,PS,historicallyPS,yes,match,4,receive,crit,crit,Charlie_Chaplin.jpg,yes
5,1,Sean Connery,1930,2020,Scottish,Canadian,actor,singer,recently,dead,alive,died,born,before 2000,after 2000,no,after 2000,Sean Connery was a Scottish actor. He died in the Bahamas.,"He has received prestigious acting awards, as reported by his website.",He,has received,prestigious,"acting awards,",as reported by,his website.,"Look at the picture of Sean Connery, a Scottish actor.",Sean Connery*was*a Scottish*actor.*He*died*in the Bahamas.,"He*has received*prestigious*acting awards,*as reported by*his website.",critical,PP,recentlyPP,no,recentlyPP,5,receive,crit,crit,Sean_Connery.jpg,yes
6,1,Sean Connery,1930,2020,Scottish,Canadian,actor,singer,recently,dead,alive,died,born,before 2000,after 2000,no,after 2000,Sean Connery was a Scottish actor. He died in the Bahamas.,"He received prestigious acting awards, as reported by his website.",He,received,prestigious,"acting awards,",as reported by,his website.,"Look at the picture of Sean Connery, a Scottish actor.",Sean Connery*was*a Scottish*actor.*He*died*in the Bahamas.,"He*received*prestigious*acting awards,*as reported by*his website.",critical,PS,recentlyPS,yes,match,6,receive,crit,crit,Sean_Connery.jpg,yes
9,2,Henry Fonda,1905,1982,American,Spanish,actor,politician,historically,dead,alive,died,born,before 2000,after 2000,yes,before 2000,Henry Fonda was an American actor. He died in Los Angeles.,"He has starred in critically acclaimed film productions, so his memoir says.",He,has starred,in critically acclaimed,"film productions,",so his,memoir says.,"Look at the picture of Henry Fonda, an American actor.",Henry Fonda*was*an American*actor.*He*died*in Los Angeles.,"He*has starred*in critically acclaimed*film productions,*so his*memoir says.",critical,PP,historicallyPP,no,historicallyPP,4,star,crit,crit,Henry_Fonda.jpg,yes
10,2,Henry Fonda,1905,1982,American,Spanish,actor,politician,historically,dead,alive,died,born,before 2000,after 2000,yes,before 2000,Henry Fonda was an American actor. He died in Los Angeles.,"He starred in critically acclaimed film productions, so his memoir says.",He,starred,in critically acclaimed,"film productions,",so his,memoir says.,"Look at the picture of Henry Fonda, an American actor.",Henry Fonda*was*an American*actor.*He*died*in Los Angeles.,"He*starred*in critically acclaimed*film productions,*so his*memoir says.",critical,PS,historicallyPS,yes,match,5,star,crit,crit,Henry_Fonda.jpg,yes
11,2,Ben Cross,1947,2020,English,Scottish,actor,politician,recently,dead,alive,died,born,before 2000,after 2000,no,after 2000,Ben Cross was an English actor. He died in Vienna.,"He has starred in critically acclaimed film productions, so his memoir says.",He,has starred,in critically acclaimed,"film productions,",so his,memoir says.,"Look at the picture of Ben Cross, an English actor.",Ben Cross*was*an English*actor.*He*died*in Vienna.,"He*has starred*in critically acclaimed*film productions,*so his*memoir says.",critical,PP,recentlyPP,no,recentlyPP,6,star,crit,crit,Ben_Cross.jpg,yes
12,2,Ben Cross,1947,2020,English,Scottish,actor,politician,recently,dead,alive,died,born,before 2000,after 2000,no,after 2000,Ben Cross was an English actor. He died in Vienna.,"He starred in critically acclaimed film productions, so his memoir says.",He,starred,in critically acclaimed,"film productions,",so his,memoir says.,"Look at the picture of Ben Cross, an English actor.",Ben Cross*was*an English*actor.*He*died*in Vienna.,"He*starred*in critically acclaimed*film productions,*so his*memoir says.",critical,PS,recentlyPS,yes,match,1,star,crit,crit,Ben_Cross.jpg,yes
15,3,Clark Gable,1901,1960,American,Swedish,actor,musician,historically,dead,alive,died,born,before 2000,after 2000,yes,before 2000,Clark Gable was an American actor. He died in Los Angeles.,"He has performed in award-winning blockbusters, as reported by the media.",He,has performed,in award-winning,"blockbusters,",as reported by,the media.,"Look at the picture of Clark Gable, an American actor.",Clark Gable*was*an American*actor.*He*died*in Los Angeles.,"He*has performed*in award-winning*blockbusters,*as reported by*the media.",critical,PP,historicallyPP,no,historicallyPP,5,perform,crit,crit,Clark_Gable.jpg,yes
16,3,Clark Gable,1901,1960,American,Swedish,actor,musician,historically,dead,alive,died,born,before 2000,after 2000,yes,before 2000,Clark Gable was an American actor. He died in Los Angeles.,"He performed in award-winning blockbusters, as reported by the media.",He,performed,in award-winning,"blockbusters,",as reported by,the media.,"Look at the picture of Clark Gable, an American actor.",Clark Gable*was*an American*actor.*He*died*in Los Angeles.,"He*performed*in award-winning*blockbusters,*as reported by*the media.",critical,PS,historicallyPS,yes,match,6,perform,crit,crit,Clark_Gable.jpg,yes
17,3,Ian Holm,1931,2020,English,Australian,actor,musician,recently,dead,alive,died,born,before 2000,after 2000,no,after 2000,Ian Holm was an English actor. He died in London.,"He has performed in award-winning blockbusters, as reported by the media.",He,has performed,in award-winning,"blockbusters,",as reported by,the media.,"Look at the picture of Ian Holm, an English actor.",Ian Holm*was*an English*actor.*He*died*in London.,"He*has performed*in award-winning*blockbusters,*as reported by*the media.",critical,PP,recentlyPP,no,recentlyPP,1,perform,crit,crit,Ian_Holm.png,yes
18,3,Ian Holm,1931,2020,English,Australian,actor,musician,recently,dead,alive,died,born,before 2000,after 2000,no,after 2000,Ian Holm was an English actor. He died in London.,"He performed in award-winning blockbusters, as reported by the media.",He,performed,in award-winning,"blockbusters,",as reported by,the media.,"Look at the picture of Ian Holm, an English actor.",Ian Holm*was*an English*actor.*He*died*in London.,"He*performed*in award-winning*blockbusters,*as reported by*the media.",critical,PS,recentlyPS,yes,match,2,perform,crit,crit,Ian_Holm.png,yes
21,4,Peter Sellers,1925,1980,English,American,actor ,scientist,historically,dead,alive,died,born,before 2000,after 2000,yes,before 2000,Peter Sellers was an English actor. He died in London.,"He has appeared in critically lauded comedies, according to his biographer.",He,has appeared,in critically lauded,"comedies,",according to,his biographer.,"Look at the picture of Peter Sellers, an English actor .",Peter Sellers*was*an English*actor.*He*died*in London.,"He*has appeared*in critically lauded*comedies,*according to*his biographer.",critical,PP,historicallyPP,no,historicallyPP,6,appear,crit,crit,Peter_Sellers.png,yes
22,4,Peter Sellers,1925,1980,English,American,actor,scientist,historically,dead,alive,died,born,before 2000,after 2000,yes,before 2000,Peter Sellers was an English actor. He died in London.,"He appeared in critically lauded comedies, according to his biographer.",He,appeared,in critically lauded,"comedies,",according to,his biographer.,"Look at the picture of Peter Sellers, an English actor.",Peter Sellers*was*an English*actor.*He*died*in London.,"He*appeared*in critically lauded*comedies,*according to*his biographer.",critical,PS,historicallyPS,yes,match,1,appear,crit,crit,Peter_Sellers.png,yes
23,4,Terry Jones,1942,2020,Welsh,Swedish,actor,scientist,recently,dead,alive,died,born,before 2000,after 2000,no,after 2000,Terry Jones was a Welsh actor. He died in London.,"He has appeared in critically lauded comedies, according to his biographer.",He,has appeared,in critically lauded,"comedies,",according to,his biographer.,"Look at the picture of Terry Jones, a Welsh actor.",Terry Jones*was*a Welsh*actor.*He*died*in London.,"He*has appeared*in critically lauded*comedies,*according to*his biographer.",critical,PP,recentlyPP,no,recentlyPP,2,appear,crit,crit,Terry_Jones.png,yes
24,4,Terry Jones,1942,2020,Welsh,Swedish,actor,scientist,recently,dead,alive,died,born,before 2000,after 2000,no,after 2000,Terry Jones was a Welsh actor. He died in London.,"He appeared in critically lauded comedies, according to his biographer.",He,appeared,in critically lauded,"comedies,",according to,his biographer.,"Look at the picture of Terry Jones, a Welsh actor.",Terry Jones*was*a Welsh*actor.*He*died*in London.,"He*appeared*in critically lauded*comedies,*according to*his biographer.",critical,PS,recentlyPS,yes,match,3,appear,crit,crit,Terry_Jones.png,yes
27,6,Vivien Leigh,1925,1967,British,Dutch,actress,politician,historically,dead,alive,died,born,before 2000,after 2000,yes,before 2000,Vivien Leigh was a British actress. She died in London.,"She has starred in well-received dramas, so her Wikipedia page states.",She,has starred,in well-received,"dramas,",so her,Wikipedia page states.,"Look at the picture of Vivien Leigh, an British actress.",Vivien Leigh*was*a British*actress.*She*died*in London.,"She*has starred*in well-received*dramas,*so her*Wikipedia page states.",critical,PP,historicallyPP,no,historicallyPP,1,star,crit,crit,Vivien_Leigh.png,yes
28,6,Vivien Leigh,1925,1967,British,Dutch,actress,politician,historically,dead,alive,died,born,before 2000,after 2000,yes,before 2000,Vivien Leigh was a British actress. She died in London.,"She starred in well-received dramas, so her Wikipedia page states.",She,starred,in well-received,"dramas,",so her,Wikipedia page states.,"Look at the picture of Vivien Leigh, an British actress.",Vivien Leigh*was*a British*actress.*She*died*in London.,"She*starred*in well-received*dramas,*so her*Wikipedia page states.",critical,PS,historicallyPS,yes,match,2,star,crit,crit,Vivien_Leigh.png,yes
29,6,Diana Rigg,1938,2020,English,Romanian,actress,politician,recently,dead,alive,died,born,before 2000,after 2000,no,after 2000,Diana Rigg was an English actress. She died in London.,"She has starred in well-received dramas, so her Wikipedia page states.",She,has starred,in well-received,"dramas,",so her,Wikipedia page states.,"Look at the picture of Diana Rigg, an English actress.",Diana Rigg*was*an English*actress.*She*died*in London.,"She*has starred*in well-received*dramas,*so her*Wikipedia page states.",critical,PP,recentlyPP,no,recentlyPP,3,star,crit,crit,Diana_Rigg.png,yes
30,6,Diana Rigg,1938,2020,English,Romanian,actress,politician,recently,dead,alive,died,born,before 2000,after 2000,no,after 2000,Diana Rigg was an English actress. She died in London.,"She starred in well-received dramas, so her Wikipedia page states.",She,starred,in well-received,"dramas,",so her,Wikipedia page states.,"Look at the picture of Diana Rigg, an English actress.",Diana Rigg*was*an English*actress.*She*died*in London.,"She*starred*in well-received*dramas,*so her*Wikipedia page states.",critical,PS,recentlyPS,yes,match,4,star,crit,crit,Diana_Rigg.png,yes
33,7,Humphrey Bogart,1899,1957,American,British,actor,businessman,historically,dead,alive,died,born,before 2000,after 2000,yes,before 2000,Humphrey Bogart was an American actor. He died in Los Angeles.,"He has worked with well-known film directors, according to his website.",He,has worked,with well-known,"film directors,",according to,his website.,"Look at the picture of Humphrey Bogart, an American actor.",Humphrey Bogart*was*an American*actor.*He*died*in Los Angeles.,"He*has worked*with well-known*film directors,*according to*his website.",critical,PP,historicallyPP,no,historicallyPP,2,work,crit,crit,Humphrey_Bogart.jpg,yes
34,7,Humphrey Bogart,1899,1957,American,British,actor,businessman,historically,dead,alive,died,born,before 2000,after 2000,yes,before 2000,Humphrey Bogart was an American actor. He died in Los Angeles.,"He worked with well-known film directors, according to his website.",He,worked,with well-known,"film directors,",according to,his website.,"Look at the picture of Humphrey Bogart, an American actor.",Humphrey Bogart*was*an American*actor.*He*died*in Los Angeles.,"He*worked*with well-known*film directors,*according to*his website.",critical,PS,historicallyPS,yes,match,3,work,crit,crit,Humphrey_Bogart.jpg,yes
35,7,Chadwick Boseman,1976,2020,American,Australian,actor,businessman,recently,dead,alive,died,born,before 2000,after 2000,no,after 2000,Chadwick Boseman was an American actor. He died in Los Angeles.,"He has worked with well-known film directors, according to his website.",He,has worked,with well-known,"film directors,",according to,his website.,"Look at the picture of Chadwick Boseman, an American actor.",Chadwick Boseman*was*an American*actor.*He*died*in Los Angeles.,"He*has worked*with well-known*film directors,*according to*his website.",critical,PP,recentlyPP,no,recentlyPP,4,work,crit,crit,Chadwick_Boseman.png,yes
36,7,Chadwick Boseman,1976,2020,American,Australian,actor,businessman,recently,dead,alive,died,born,before 2000,after 2000,no,after 2000,Chadwick Boseman was an American actor. He died in Los Angeles.,"He worked with well-known film directors, according to his website.",He,worked,with well-known,"film directors,",according to,his website.,"Look at the picture of Chadwick Boseman, an American actor.",Chadwick Boseman*was*an American*actor.*He*died*in Los Angeles.,"He*worked*with well-known*film directors,*according to*his website.",critical,PS,recentlyPS,yes,match,5,work,crit,crit,Chadwick_Boseman.png,yes
39,8,John Wayne,1907,1979,American,Dutch,actor,fashion designer,historically,dead,alive,died,born,before 2000,after 2000,yes,before 2000,John Wayne was an American actor. He died in Los Angeles.,"He has appeared with important Hollywood stars, as stated in his biography.",He,has appeared,with important,"Hollywood stars,",as stated in,his biography.,"Look at the picture of John Wayne, an American actor.",John Wayne*was*an American*actor.*He*died*in Los Angeles.,"He*has appeared*with important*Hollywood stars,*as stated in*his biography.",critical,PP,historicallyPP,no,historicallyPP,3,appear,crit,crit,John_Wayne.jpg,yes
40,8,John Wayne,1907,1979,American,Dutch,actor,fashion designer,historically,dead,alive,died,born,before 2000,after 2000,yes,before 2000,John Wayne was an American actor. He died in Los Angeles.,"He appeared with important Hollywood stars, as stated in his biography.",He,appeared,with important,"Hollywood stars,",as stated in,his biography.,"Look at the picture of John Wayne, an American actor.",John Wayne*was*an American*actor.*He*died*in Los Angeles.,"He*appeared*with important*Hollywood stars,*as stated in*his biography.",critical,PS,historicallyPS,yes,match,4,appear,crit,crit,John_Wayne.jpg,yes
41,8,Rutger Hauer,1944,2019,Dutch,Spanish,actor,fashion designer,recently,dead,alive,died,born,before 2000,after 2000,no,after 2000,Rutger Hauer was a Dutch actor. He died in the Netherlands.,"He has appeared with important Hollywood stars, as stated in his biography.",He,has appeared,with important,"Hollywood stars,",as stated in,his biography.,"Look at the picture of Rutger Hauer, a Dutch actor.",Rutger Hauer*was*a Dutch*actor.*He*died*in the Netherlands.,"He*has appeared*with important*Hollywood stars,*as stated in*his biography.",critical,PP,recentlyPP,no,recentlyPP,5,appear,crit,crit,Rutger_Hauer.jpg,yes
42,8,Rutger Hauer,1944,2019,Dutch,Spanish,actor,fashion designer,recently,dead,alive,died,born,before 2000,after 2000,no,after 2000,Rutger Hauer was a Dutch actor. He died in the Netherlands.,"He appeared with important Hollywood stars, as stated in his biography.",He,appeared,with important,"Hollywood stars,",as stated in,his biography.,"Look at the picture of Rutger Hauer, a Dutch actor.",Rutger Hauer*was*a Dutch*actor.*He*died*in the Netherlands.,"He*appeared*with important*Hollywood stars,*as stated in*his biography.",critical,PS,recentlyPS,yes,match,6,appear,crit,crit,Rutger_Hauer.jpg,yes
45,9,Bruce Lee,1940,1973,Chinese-American,Japanese,actor,scientist,historically,dead,alive,died,born,before 2000,after 2000,yes,before 2000,Bruce Lee was a Chinese actor. He died in Hong Kong.,"He has released well-received motion pictures, according to his biographer.",He,has released,well-received,"motion pictures,",according to,his biographer.,"Look at the picture of Bruce Lee, a Chinese-American actor.",Bruce Lee*was*a Chinese*actor.*He*died*in Hong Kong.,"He*has released*well-received*motion pictures,*according to*his biographer.",critical,PP,historicallyPP,no,historicallyPP,4,release,crit,crit,Bruce_Lee.jpg,yes
46,9,Bruce Lee,1940,1973,Chinese-American,Japanese,actor,scientist,historically,dead,alive,died,born,before 2000,after 2000,yes,before 2000,Bruce Lee was a Chinese actor. He died in Hong Kong.,"He released well-received motion pictures, according to his biographer.",He,released,well-received,"motion pictures,",according to,his biographer.,"Look at the picture of Bruce Lee, a Chinese-American actor.",Bruce Lee*was*a Chinese*actor.*He*died*in Hong Kong.,"He*released*well-received*motion pictures,*according to*his biographer.",critical,PS,historicallyPS,yes,match,5,release,crit,crit,Bruce_Lee.jpg,yes
47,9,Frank Kelly,1938,2016,Irish,American,actor,scientist,recently,dead,alive,died,born,before 2000,after 2000,no,after 2000,Frank Kelly was an Irish actor. He died in Dublin.,"He has released well-received motion pictures, according to his biographer.",He,has released,well-received,"motion pictures,",according to,his biographer.,"Look at the picture of Frank Kelly, an Irish actor.",Frank Kelly*was*an Irish*actor.*He*died*in Dublin.,"He*has released*well-received*motion pictures,*according to*his biographer.",critical,PP,recentlyPP,no,recentlyPP,6,release,crit,crit,Frank_Kelly.png,yes
48,9,Frank Kelly,1938,2016,Irish,American,actor,scientist,recently,dead,alive,died,born,before 2000,after 2000,no,after 2000,Frank Kelly was an Irish actor. He died in Dublin.,"He released well-received motion pictures, according to his biographer.",He,released,well-received,"motion pictures,",according to,his biographer.,"Look at the picture of Frank Kelly, an Irish actor.",Frank Kelly*was*an Irish*actor.*He*died*in Dublin.,"He*released*well-received*motion pictures,*according to*his biographer.",critical,PS,recentlyPS,yes,match,1,release,crit,crit,Frank_Kelly.png,yes
51,10,Louis de Funès,1914,1983,French,Portuguese,actor,businessman,historically,dead,alive,died,born,before 2000,after 2000,yes,before 2000,Louis de Funès was a French actor. He died in Nantes.,"He has played in numerous successful films, as reported by the media.",He,has played,in numerous,"successful films,",as reported by,the media.,"Look at the picture of Louis de Funès, a French actor.",Louis de Funès*was*a French*actor.*He*died*in Nantes.,"He*has played*in numerous*successful films,*as reported by*the media.",critical,PP,historicallyPP,no,historicallyPP,5,play,crit,crit,Louis_de_Funes.jpg,yes
52,10,Louis de Funès,1914,1983,French,Portuguese,actor,businessman,historically,dead,alive,died,born,before 2000,after 2000,yes,before 2000,Louis de Funès was a French actor. He died in Nantes.,"He played in numerous successful films, as reported by the media.",He,played,in numerous,"successful films,",as reported by,the media.,"Look at the picture of Louis de Funès, a French actor.",Louis de Funès*was*a French*actor.*He*died*in Nantes.,"He*played*in numerous*successful films,*as reported by*the media.",critical,PS,historicallyPS,yes,match,6,play,crit,crit,Louis_de_Funes.jpg,yes
53,10,Robin Williams,1951,2014,American,Swedish,actor,businessman,recently,dead,alive,died,born,before 2000,after 2000,no,after 2000,Robin Williams was an American actor. He died in California.,"He has played in numerous successful films, as reported by the media.",He,has played,in numerous,"successful films,",as reported by,the media.,"Look at the picture of Robin Williams, an American actor.",Robin Williams*was*an American*actor.*He*died*in California.,"He*has played*in numerous*successful films,*as reported by*the media.",critical,PP,recentlyPP,no,recentlyPP,1,play,crit,crit,Robin_Williams.jpg,yes
54,10,Robin Williams,1951,2014,American,Swedish,actor,businessman,recently,dead,alive,died,born,before 2000,after 2000,no,after 2000,Robin Williams was an American actor. He died in California.,"He played in numerous successful films, as reported by the media.",He,played,in numerous,"successful films,",as reported by,the media.,"Look at the picture of Robin Williams, an American actor.",Robin Williams*was*an American*actor.*He*died*in California.,"He*played*in numerous*successful films,*as reported by*the media.",critical,PS,recentlyPS,yes,match,2,play,crit,crit,Robin_Williams.jpg,yes
57,11,Marilyn Monroe,1926,1962,American,Australian,actress,film-maker,historically,dead,alive,died,born,before 2000,after 2000,yes,before 2000,Marilyn Monroe was an American actress. She died in Los Angeles.,"She has starred in prominent feature films, as reported by the media.",She,has starred,in prominent,"feature movies,",as reported by,the media.,"Look at the picture of Marilyn Monroe, an American actress.",Marilyn Monroe*was*an American*actress.*She*died*in Los Angeles.,"She*has starred*in prominent*feature films,*as reported by*the media.",critical,PP,historicallyPP,no,historicallyPP,6,star,crit,crit,Marilyn_Monroe.jpg,yes
58,11,Marilyn Monroe,1926,1962,American,Australian,actress,film-maker,historically,dead,alive,died,born,before 2000,after 2000,yes,before 2000,Marilyn Monroe was an American actress. She died in Los Angeles.,"She starred in prominent feature films, as reported by the media.",She,starred,in prominent,"feature movies,",as reported by,the media.,"Look at the picture of Marilyn Monroe, an American actress.",Marilyn Monroe*was*an American*actress.*She*died*in Los Angeles.,"She*starred*in prominent*feature films,*as reported by*the media.",critical,PS,historicallyPS,yes,match,1,star,crit,crit,Marilyn_Monroe.jpg,yes
59,11,Elizabeth Taylor,1932,2011,English-American,French,actress,film-maker,recently,dead,alive,died,born,before 2000,after 2000,no,after 2000,Elizabeth Taylor was an American actress. She died in Los Angeles.,"She has starred in prominent feature films, as reported by the media.",She,has starred,in prominent,"feature movies,",as reported by,the media.,"Look at the picture of Elizabeth Taylor, an English-American actress.",Elizabeth Taylor*was*an American*actress.*She*died*in Los Angeles.,"She*has starred*in prominent*feature films,*as reported by*the media.",critical,PP,recentlyPP,no,recentlyPP,2,star,crit,crit,Elizabeth_Taylor.jpeg,yes
60,11,Elizabeth Taylor,1932,2011,English-American,French,actress,film-maker,recently,dead,alive,died,born,before 2000,after 2000,no,after 2000,Elizabeth Taylor was an American actress. She died in Los Angeles.,"She starred in prominent feature films, as reported by the media.",She,starred,in prominent,"feature movies,",as reported by,the media.,"Look at the picture of Elizabeth Taylor, an English-American actress.",Elizabeth Taylor*was*an American*actress.*She*died*in Los Angeles.,"She*starred*in prominent*feature films,*as reported by*the media.",critical,PS,recentlyPS,yes,match,3,star,crit,crit,Elizabeth_Taylor.jpeg,yes
63,12,Walt Disney,1901,1966,American,Australian,film-maker,scientist,historically,dead,alive,died,born,before 2000,after 2000,yes,before 2000,Walt Disney was an American film-maker. He died in California.,"He has produced well-received feature films, according to Wikipedia.",He,has produced,well-received,"feature films,",according to,Wikipedia.,"Look at the picture of Walt Disney, an American film-maker.",Walt Disney*was*an American*film-maker.*He*died*in California.,"He*has produced*well-received*feature films,*according to*Wikipedia.",critical,PP,historicallyPP,no,historicallyPP,1,produce,crit,crit,Walt_Disney.jpg,yes
64,12,Walt Disney,1901,1966,American,Australian,film-maker,scientist,historically,dead,alive,died,born,before 2000,after 2000,yes,before 2000,Walt Disney was an American film-maker. He died in California.,"He produced well-received feature films, according to Wikipedia.",He,produced,well-received,"feature films,",according to,Wikipedia.,"Look at the picture of Walt Disney, an American film-maker.",Walt Disney*was*an American*film-maker.*He*died*in California.,"He*produced*well-received*feature films,*according to*Wikipedia.",critical,PS,historicallyPS,yes,match,2,produce,crit,crit,Walt_Disney.jpg,yes
65,12,Stan Lee,1922,2018,American,New Zealand,film-maker,scientist,recently,dead,alive,died,born,before 2000,after 2000,no,after 2000,Stan Lee was an American film-maker. He died in California.,"He has produced well-received feature films, according to Wikipedia.",He,has produced,well-received,"feature films,",according to,Wikipedia.,"Look at the picture of Stan Lee, an American film-maker.",Stan Lee*was*an American*film-maker.*He*died*in California.,"He*has produced*well-received*feature films,*according to*Wikipedia.",critical,PP,recentlyPP,no,recentlyPP,3,produce,crit,crit,Stan_Lee.png,yes
66,12,Stan Lee,1922,2018,American,New Zealand,film-maker,scientist,recently,dead,alive,died,born,before 2000,after 2000,no,after 2000,Stan Lee was an American film-maker. He died in California.,"He produced well-received feature films, according to Wikipedia.",He,produced,well-received,"feature films,",according to,Wikipedia.,"Look at the picture of Stan Lee, an American film-maker.",Stan Lee*was*an American*film-maker.*He*died*in California.,"He*produced*well-received*feature films,*according to*Wikipedia.",critical,PS,recentlyPS,yes,match,4,produce,crit,crit,Stan_Lee.png,yes
69,13,Louis Armstrong,1901,1971,American,German,musician,comedian,historically,dead,alive,died,born,before 2000,after 2000,yes,before 2000,Louis Armstrong was an American musician. He died in New York City.,"He has released popular music records, according to the media.",He,has released,popular,"music records,",according to,the media.,"Look at the picture of Louis Armstrong, an American musician.",Louis Armstrong*was*an American*musician.*He*died*in New York City.,"He*has released*popular*music records,*according to*the media.",critical,PP,historicallyPP,no,historicallyPP,2,release,crit,crit,Louis_Armstrong.jpg,yes
70,13,Louis Armstrong,1901,1971,American,German,musician,comedian,historically,dead,alive,died,born,before 2000,after 2000,yes,before 2000,Louis Armstrong was an American musician. He died in New York City.,"He released popular music records, according to the media.",He,released,popular,"music records,",according to,the media.,"Look at the picture of Louis Armstrong, an American musician.",Louis Armstrong*was*an American*musician.*He*died*in New York City.,"He*released*popular*music records,*according to*the media.",critical,PS,historicallyPS,yes,match,3,release,crit,crit,Louis_Armstrong.jpg,yes
71,13,Little Richard,1932,2020,American,French,musician,comedian,recently,dead,alive,died,born,before 2000,after 2000,no,after 2000,Little Richard was an American musician. He died in Tennessee.,"He has released popular music records, according to the media.",He,has released,popular,"music records,",according to,the media.,"Look at the picture of Little Richard, an American musician.",Little Richard*was*an American*musician.*He*died*in Tennessee.,"He*has released*popular*music records,*according to*the media.",critical,PP,recentlyPP,no,recentlyPP,4,release,crit,crit,Little_Richard.png,yes
72,13,Little Richard,1932,2020,American,French,musician,comedian,recently,dead,alive,died,born,before 2000,after 2000,no,after 2000,Little Richard was an American musician. He died in Tennessee.,"He released popular music records, according to the media.",He,released,popular,"music records,",according to,the media.,"Look at the picture of Little Richard, an American musician.",Little Richard*was*an American*musician.*He*died*in Tennessee.,"He*released*popular*music records,*according to*the media.",critical,PS,recentlyPS,yes,match,5,release,crit,crit,Little_Richard.png,yes
75,14,Jimi Hendrix,1942,1970,American,Scottish,musician,film-maker,historically,dead,alive,died,born,before 2000,after 2000,yes,before 2000,Jimi Hendrix was an American musician. He died in London.,"He has performed in numerous music festivals, as reported by his biographer.",He,has performed,in numerous,"music festivals,",as reported by,his biographer.,"Look at the picture of Jimi Hendrix, an American musician.",Jimi Hendrix*was*an American*musician.*He*died*in London.,"He*has performed*in numerous*music festivals,*as reported by*his biographer.",critical,PP,historicallyPP,no,historicallyPP,3,perform,crit,crit,Jimi_Hendrix.jpg,yes
76,14,Jimi Hendrix,1942,1970,American,Scottish,musician,film-maker,historically,dead,alive,died,born,before 2000,after 2000,yes,before 2000,Jimi Hendrix was an American musician. He died in London.,"He performed in numerous music festivals, as reported by his biographer.",He,performed,in numerous,"music festivals,",as reported by,his biographer.,"Look at the picture of Jimi Hendrix, an American musician.",Jimi Hendrix*was*an American*musician.*He*died*in London.,"He*performed*in numerous*music festivals,*as reported by*his biographer.",critical,PS,historicallyPS,yes,match,4,perform,crit,crit,Jimi_Hendrix.jpg,yes
77,14,Bill Withers,1938,2020,American,British,musician,film-maker,recently,dead,alive,died,born,before 2000,after 2000,no,after 2000,Bill Withers was an American musician. He died in Los Angeles.,"He has performed in numerous music festivals, as reported by his biographer.",He,has performed,in numerous,"music festivals,",as reported by,his biographer.,"Look at the picture of Bill Withers, an American musician.",Bill Withers*was*an American*musician.*He*died*in Los Angeles.,"He*has performed*in numerous*music festivals,*as reported by*his biographer.",critical,PP,recentlyPP,no,recentlyPP,5,perform,crit,crit,Bill_Withers.jpg,yes
78,14,Bill Withers,1938,2020,American,British,musician,film-maker,recently,dead,alive,died,born,before 2000,after 2000,no,after 2000,Bill Withers was an American musician. He died in Los Angeles.,"He performed in numerous music festivals, as reported by his biographer.",He,performed,in numerous,"music festivals,",as reported by,his biographer.,"Look at the picture of Bill Withers, an American musician.",Bill Withers*was*an American*musician.*He*died*in Los Angeles.,"He*performed*in numerous*music festivals,*as reported by*his biographer.",critical,PS,recentlyPS,yes,match,6,perform,crit,crit,Bill_Withers.jpg,yes
81,17,Richard Wagner,1813,1883,German,Canadian,musician,actor,historically,dead,alive,died,born,before 2000,after 2000,yes,before 2000,Richard Wagner was a German musician. He died  in Venice.,"He has played in numerous music halls, so his biography states.",He,has played,in numerous,"music halls,",so his,biography states.,"Look at the picture of Richard Wagner, a German musician.",Richard Wagner*was*a German*musician.*He*died*in Venice.,"He*has played*in numerous*music halls,*so his*biography states.",critical,PP,historicallyPP,no,historicallyPP,4,play,crit,crit,Richard_Wagner.jpg,yes
82,17,Richard Wagner,1813,1883,German,Canadian,musician,actor,historically,dead,alive,died,born,before 2000,after 2000,yes,before 2000,Richard Wagner was a German musician. He died  in Venice.,"He played in numerous music halls, so his biography states.",He,played,in numerous,"music halls,",so his,biography states.,"Look at the picture of Richard Wagner, a German musician.",Richard Wagner*was*a German*musician.*He*died*in Venice.,"He*played*in numerous*music halls,*so his*biography states.",critical,PS,historicallyPS,yes,match,5,play,crit,crit,Richard_Wagner.jpg,yes
83,17,George Michael,1963,2016,English ,South African,musician,actor,recently,dead,alive,died,born,before 2000,after 2000,no,after 2000,George Michael was an English musician. He died in Oxfordshire.,"He has played in numerous music halls, so his biography states.",He,has played,in numerous,"music halls,",so his,biography states.,"Look at the picture of George Michael, an English  musician.",George Michael*was*an English*musician.*He*died*in Oxfordshire.,"He*has played*in numerous*music halls,*so his*biography states.",critical,PP,recentlyPP,no,recentlyPP,6,play,crit,crit,George_Michael.jpg,yes
84,17,George Michael,1963,2016,English ,South African,musician,actor,recently,dead,alive,died,born,before 2000,after 2000,no,after 2000,George Michael was an English musician. He died in Oxfordshire.,"He played in numerous music halls, so his biography states.",He,played,in numerous,"music halls,",so his,biography states.,"Look at the picture of George Michael, an English  musician.",George Michael*was*an English*musician.*He*died*in Oxfordshire.,"He*played*in numerous*music halls,*so his*biography states.",critical,PS,recentlyPS,yes,match,1,play,crit,crit,George_Michael.jpg,yes
87,18,Elvis Presley,1935,1977,American,British,musician,royal,historically,dead,alive,died,born,before 2000,after 2000,yes,before 2000,Elvis Presley was an American musician. He died in Tennessee.,"He has played numerous concerts, according to his memoir.",He,has played,numerous,"concerts,",according to,his memoir.,"Look at the picture of Elvis Presley, an American musician.",Elvis Presley*was*an American*musician.*He*died*in Tennessee.,"He*has played*numerous*concerts,*according to*his memoir.",critical,PP,historicallyPP,no,historicallyPP,5,play,crit,crit,Elvis_Presley.jpg,yes
88,18,Elvis Presley,1935,1977,American,British,musician,royal,historically,dead,alive,died,born,before 2000,after 2000,yes,before 2000,Elvis Presley was an American musician. He died in Tennessee.,"He played numerous concerts, according to his memoir.",He,played,numerous,"concerts,",according to,his memoir.,"Look at the picture of Elvis Presley, an American musician.",Elvis Presley*was*an American*musician.*He*died*in Tennessee.,"He*played*numerous*concerts,*according to*his memoir.",critical,PS,historicallyPS,yes,match,6,play,crit,crit,Elvis_Presley.jpg,yes
89,18,David Bowie,1974,2016,English,Dutch,musician,royal,recently,dead,alive,died,born,before 2000,after 2000,no,after 2000,David Bowie was an English musician. He died in New York City.,"He has played numerous concerts, according to his memoir.",He,has played,numerous,"concerts,",according to,his memoir.,"Look at the picture of David Bowie, an English musician.",David Bowie*was*an English*musician.*He*died*in New York City.,"He*has played*numerous*concerts,*according to*his memoir.",critical,PP,recentlyPP,no,recentlyPP,1,play,crit,crit,David_Bowie.jpg,yes
90,18,David Bowie,1974,2016,English,Dutch,musician,royal,recently,dead,alive,died,born,before 2000,after 2000,no,after 2000,David Bowie was an English musician. He died in New York City.,"He played numerous concerts, according to his memoir.",He,played,numerous,"concerts,",according to,his memoir.,"Look at the picture of David Bowie, an English musician.",David Bowie*was*an English*musician.*He*died*in New York City.,"He*played*numerous*concerts,*according to*his memoir.",critical,PS,recentlyPS,yes,match,2,play,crit,crit,David_Bowie.jpg,yes
93,19,Jim Morrison,1943,1971,American,Mexican,musician,politician,historically,dead,alive,died,born,before 2000,after 2000,yes,before 2000,Jim Morrison was an American musician. He died in Paris.,"He has sold popular records, so his memoir says.",He,has sold,popular,"records,",so his,memoir says.,"Look at the picture of Jim Morrison, an American musician.",Jim Morrison*was*an American*musician.*He*died*in Paris.,"He*has sold*popular*records,*so his*memoir says.",critical,PP,historicallyPP,no,historicallyPP,6,sell,crit,crit,Jim_Morrison.jpg,yes
94,19,Jim Morrison,1943,1971,American,Mexican,musician,politician,historically,dead,alive,died,born,before 2000,after 2000,yes,before 2000,Jim Morrison was an American musician. He died in Paris.,"He sold popular records, so his memoir says.",He,sold,popular,"records,",so his,memoir says.,"Look at the picture of Jim Morrison, an American musician.",Jim Morrison*was*an American*musician.*He*died*in Paris.,"He*sold*popular*records,*so his*memoir says.",critical,PS,historicallyPS,yes,match,1,sell,crit,crit,Jim_Morrison.jpg,yes
95,19,Prince,1958,2016,American,South African,musician,politician,recently,dead,alive,died,born,before 2000,after 2000,no,after 2000,Prince was an American musician. He died in Minnesota.,"He has sold popular records, so his memoir says.",He,has sold,popular,"records,",so his,memoir says.,"Look at the picture of Prince, an American musician.",Prince*was*an American*musician.*He*died*in Minnesota.,"He*has sold*popular*records,*so his*memoir says.",critical,PP,recentlyPP,no,recentlyPP,2,sell,crit,crit,Prince.jpg,yes
96,19,Prince,1958,2016,American,South African,musician,politician,recently,dead,alive,died,born,before 2000,after 2000,no,after 2000,Prince was an American musician. He died in Minnesota.,"He sold popular records, so his memoir says.",He,sold,popular,"records,",so his,memoir says.,"Look at the picture of Prince, an American musician.",Prince*was*an American*musician.*He*died*in Minnesota.,"He*sold*popular*records,*so his*memoir says.",critical,PS,recentlyPS,yes,match,3,sell,crit,crit,Prince.jpg,yes
99,20,Janis Joplin,1943,1970,American,English,singer,actress,historically,dead,alive,died,born,before 2000,after 2000,yes,before 2000,Janis Joplin was an American singer. She died in California.,"She has performed in prestigious arenas, as stated in her biography.",She,has performed,in prestigious,"arenas,",as stated in,her biography.,"Look at the picture of Janis Joplin, an American singer.",Janis Joplin*was*an American*singer.*She*died*in California.,"She*has performed*in prestigious*arenas,*as stated in*her biography.",critical,PP,historicallyPP,no,historicallyPP,1,perform,crit,crit,Janis_Joplin.jpg,yes
100,20,Janis Joplin,1943,1970,American,English,singer,actress,historically,dead,alive,died,born,before 2000,after 2000,yes,before 2000,Janis Joplin was an American singer. She died in California.,"She performed in prestigious arenas, as stated in her biography.",She,performed,in prestigious,"arenas,",as stated in,her biography.,"Look at the picture of Janis Joplin, an American singer.",Janis Joplin*was*an American*singer.*She*died*in California.,"She*performed*in prestigious*arenas,*as stated in*her biography.",critical,PS,historicallyPS,yes,match,2,perform,crit,crit,Janis_Joplin.jpg,yes
101,20,Amy Winehouse,1983,2011,English,German,singer,actress,recently,dead,alive,died,born,before 2000,after 2000,no,after 2000,Amy Winehouse was a British singer. She died in London.,"She has performed in prestigious arenas, as stated in her biography.",She,has performed,in prestigious,"arenas,",as stated in,her biography.,"Look at the picture of Amy Winehouse, an English singer.",Amy Winehouse*was*a British*singer.*She*died*in London.,"She*has performed*in prestigious*arenas,*as stated in*her biography.",critical,PP,recentlyPP,no,recentlyPP,3,perform,crit,crit,Amy_Winehouse.jpg,yes
102,20,Amy Winehouse,1983,2011,English,German,singer,actress,recently,dead,alive,died,born,before 2000,after 2000,no,after 2000,Amy Winehouse was a British singer. She died in London.,"She performed in prestigious arenas, as stated in her biography.",She,performed,in prestigious,"arenas,",as stated in,her biography.,"Look at the picture of Amy Winehouse, an English singer.",Amy Winehouse*was*a British*singer.*She*died*in London.,"She*performed*in prestigious*arenas,*as stated in*her biography.",critical,PS,recentlyPS,yes,match,4,perform,crit,crit,Amy_Winehouse.jpg,yes
105,21,Billie Holiday,1915,1959,American,Portuguese,musician,politician,historically,dead,alive,died,born,before 2000,after 2000,yes,before 2000,Billie Holiday was an American musician. She died in New York City.,"She has appeared in popular music videos, as stated in her memoir.",She,has appeared,in popular,"music videos,",as stated in,her memoir.,"Look at the picture of Billie Holiday, an American musician.",Billie Holiday*was*an American*musician.*She*died*in New York City.,"She*has appeared*in popular*music videos,*as stated in*her memoir.",critical,PP,historicallyPP,no,historicallyPP,2,appear,crit,crit,Billie_Holiday.jpg,yes
106,21,Billie Holiday,1915,1959,American,Portuguese,musician,politician,historically,dead,alive,died,born,before 2000,after 2000,yes,before 2000,Billie Holiday was an American musician. She died in New York City.,"She appeared in popular music videos, as stated in her memoir.",She,appeared,in popular,"music videos,",as stated in,her memoir.,"Look at the picture of Billie Holiday, an American musician.",Billie Holiday*was*an American*musician.*She*died*in New York City.,"She*appeared*in popular*music videos,*as stated in*her memoir.",critical,PS,historicallyPS,yes,match,3,appear,crit,crit,Billie_Holiday.jpg,yes
107,21,Whitney Houston,1963,2012,American,Australian,musician,politician,recently,dead,alive,died,born,before 2000,after 2000,no,after 2000,Whitney Houston was an American musician. She died in California.,"She has appeared in popular music videos, as stated in her memoir.",She,has appeared,in popular,"music videos,",as stated in,her memoir.,"Look at the picture of Whitney Houston, an American musician.",Whitney Houston*was*an American*musician.*She*died*in California.,"She*has appeared*in popular*music videos,*as stated in*her memoir.",critical,PP,recentlyPP,no,recentlyPP,4,appear,crit,crit,Whitney_Houston.jpg,yes
108,21,Whitney Houston,1963,2012,American,Australian,musician,politician,recently,dead,alive,died,born,before 2000,after 2000,no,after 2000,Whitney Houston was an American musician. She died in California.,"She appeared in popular music videos, as stated in her memoir.",She,appeared,in popular,"music videos,",as stated in,her memoir.,"Look at the picture of Whitney Houston, an American musician.",Whitney Houston*was*an American*musician.*She*died*in California.,"She*appeared*in popular*music videos,*as stated in*her memoir.",critical,PS,recentlyPS,yes,match,5,appear,crit,crit,Whitney_Houston.jpg,yes
111,22,Albert Einstein,1879  ,1955,German,French,scientist,musician,historically,dead,alive,died,born,before 2000,after 2000,yes,before 2000,Albert Einstein was a German scientist. He died in New Jersey.,"He has received prestigious scientific awards, as reported by his memoir.",He,has received,prestigious,"scientific awards,",as reported by,his memoir.,"Look at the picture of Albert Einstein, a German scientist.",Albert Einstein*was*a German*scientist.*He*died*in New Jersey.,"He*has received*prestigious*scientific awards,*as reported by*his memoir.",critical,PP,historicallyPP,no,historicallyPP,3,receive,crit,crit,Albert_Einstein.jpg,yes
112,22,Albert Einstein,1879  ,1955,German,French,scientist,musician,historically,dead,alive,died,born,before 2000,after 2000,yes,before 2000,Albert Einstein was a German scientist. He died in New Jersey.,"He received prestigious scientific awards, as reported by his memoir.",He,received,prestigious,"scientific awards,",as reported by,his memoir.,"Look at the picture of Albert Einstein, a German scientist.",Albert Einstein*was*a German*scientist.*He*died*in New Jersey.,"He*received*prestigious*scientific awards,*as reported by*his memoir.",critical,PS,historicallyPS,yes,match,4,receive,crit,crit,Albert_Einstein.jpg,yes
113,22,Stephen Hawking,1942,2018,English,American,scientist,musician,recently,dead,alive,died,born,before 2000,after 2000,no,after 2000,Stephen Hawking was an English scientist. He died in Cambridge.,"He has received prestigious scientific awards, as reported by his memoir.",He,has received,prestigious,"scientific awards,",as reported by,his memoir.,"Look at the picture of Stephen Hawking, an English scientist.",Stephen Hawking*was*an English*scientist.*He*died*in Cambridge.,"He*has received*prestigious*scientific awards,*as reported by*his memoir.",critical,PP,recentlyPP,no,recentlyPP,5,receive,crit,crit,Stephen_Hawking.jpg,yes
114,22,Stephen Hawking,1942,2018,English,American,scientist,musician,recently,dead,alive,died,born,before 2000,after 2000,no,after 2000,Stephen Hawking was an English scientist. He died in Cambridge.,"He received prestigious scientific awards, as reported by his memoir.",He,received,prestigious,"scientific awards,",as reported by,his memoir.,"Look at the picture of Stephen Hawking, an English scientist.",Stephen Hawking*was*an English*scientist.*He*died*in Cambridge.,"He*received*prestigious*scientific awards,*as reported by*his memoir.",critical,PS,recentlyPS,yes,match,6,receive,crit,crit,Stephen_Hawking.jpg,yes
117,23,Mao Zedong,1893,1976,Chinese,Japanese,politician,singer,historically,dead,alive,died,born,before 2000,after 2000,yes,before 2000,Mao Zedong was a Chinese politician. He died in Beijing.,"He has appeared in prominent political debates, as reported by the media.",He,has appeared,in prominent,"political debates,",as reported by,the media.,"Look at the picture of Mao Zedong, a Chinese politician.",Mao Zedong*was*a Chinese*politician.*He*died*in Beijing.,"He*has appeared*in prominent*political debates,*as reported by*the media.",critical,PP,historicallyPP,no,historicallyPP,4,appear,crit,crit,Mao_Zedong.jpg,yes
118,23,Mao Zedong,1893,1976,Chinese,Japanese,politician,singer,historically,dead,alive,died,born,before 2000,after 2000,yes,before 2000,Mao Zedong was a Chinese politician. He died in Beijing.,"He appeared in prominent political debates, as reported by the media.",He,appeared,in prominent,"political debates,",as reported by,the media.,"Look at the picture of Mao Zedong, a Chinese politician.",Mao Zedong*was*a Chinese*politician.*He*died*in Beijing.,"He*appeared*in prominent*political debates,*as reported by*the media.",critical,PS,historicallyPS,yes,match,5,appear,crit,crit,Mao_Zedong.jpg,yes
119,23,Fidel Castro,1926,2016,Cuban,Spanish,politician,singer,recently,dead,alive,died,born,before 2000,after 2000,no,after 2000,Fidel Castro was a Cuban politician. He died in Cuba.,"He has appeared in prominent political debates, as reported by the media.",He,has appeared,in prominent,"political debates,",as reported by,the media.,"Look at the picture of Fidel Castro, a Cuban politician.",Fidel Castro*was*a Cuban*politician.*He*died*in Cuba.,"He*has appeared*in prominent*political debates,*as reported by*the media.",critical,PP,recentlyPP,no,recentlyPP,6,appear,crit,crit,Fidel_Castro.jpg,yes
120,23,Fidel Castro,1926,2016,Cuban,Spanish,politician,singer,recently,dead,alive,died,born,before 2000,after 2000,no,after 2000,Fidel Castro was a Cuban politician. He died in Cuba.,"He appeared in prominent political debates, as reported by the media.",He,appeared,in prominent,"political debates,",as reported by,the media.,"Look at the picture of Fidel Castro, a Cuban politician.",Fidel Castro*was*a Cuban*politician.*He*died*in Cuba.,"He*appeared*in prominent*political debates,*as reported by*the media.",critical,PS,recentlyPS,yes,match,1,appear,crit,crit,Fidel_Castro.jpg,yes
123,25,Mahatma Gandhi,1869,1948,Indian,Mongolian,politician,comedian,historically,dead,alive,died,born,before 2000,after 2000,yes,before 2000,Mahatma Gandhi was an Indian politician. He died in New Delhi.,"He has won important elections, as stated in his biography.",He ,has inspired,several,"elections,",as stated in,his biography.,"Look at the picture of Mahatma Gandhi, a Indian politician.",Mahatma Gandhi*was*an Indian*politician.*He*died*in New Delhi.,"He*has won*important*elections,*as stated in*his biography.",critical,PP,historicallyPP,no,historicallyPP,5,win,crit,crit,Mahatma_Gandhi.jpg,yes
124,25,Mahatma Gandhi,1869,1948,Indian,Mongolian,politician,comedian,historically,dead,alive,died,born,before 2000,after 2000,yes,before 2000,Mahatma Gandhi was an Indian politician. He died in New Delhi.,"He won important elections, as stated in his biography.",He ,inspired,several,"elections,",as stated in,his biography.,"Look at the picture of Mahatma Gandhi, a Indian politician.",Mahatma Gandhi*was*an Indian*politician.*He*died*in New Delhi.,"He*won*important*elections,*as stated in*his biography.",critical,PS,historicallyPS,yes,match,6,win,crit,crit,Mahatma_Gandhi.jpg,yes
125,25,Nelson Mandela,1918,2013,South African,Malaysian,politician,comedian,recently,dead,alive,died,born,before 2000,after 2000,no,after 2000,Nelson Mandela was an African politician. He died in South Africa.,"He has won important elections, as stated in his biography.",He,has won,important,"elections,",as stated in,his biography.,"Look at the picture of Nelson Mandela, a South African politician.",Nelson Mandela*was*an African*politician.*He*died*in South Africa.,"He*has won*important*elections,*as stated in*his biography.",critical,PP,recentlyPP,no,recentlyPP,1,win,crit,crit,Nelson_Mandela.jpg,yes
126,25,Nelson Mandela,1918,2013,South African,Malaysian,politician,comedian,recently,dead,alive,died,born,before 2000,after 2000,no,after 2000,Nelson Mandela was an African politician. He died in South Africa.,"He won important elections, as stated in his biography.",He,won,important,"elections,",as stated in,his biography.,"Look at the picture of Nelson Mandela, a South African politician.",Nelson Mandela*was*an African*politician.*He*died*in South Africa.,"He*won*important*elections,*as stated in*his biography.",critical,PS,recentlyPS,yes,match,2,win,crit,crit,Nelson_Mandela.jpg,yes
129,26,Nancy Astor,1879,1964,British,American,politician,activist,historically,dead,alive,died,born,before 2000,after 2000,yes,before 2000,Nancy Astor was a British politician. She died in Lincolnshire.,"She has won well-deserved re-elections, so her biography states.",She,has won,well-deserved,"re-elections, ",so her,biography states.,"Look at the picture of Nancy Astor, a British politician.",Nancy Astor*was*a British*politician.*She*died*in Lincolnshire.,"She*has won*well-deserved*re-elections,*so her*biography states.",critical,PP,historicallyPP,no,historicallyPP,6,win,crit,crit,Nancy_Astor.png,yes
130,26,Nancy Astor,1879,1964,British,American,politician,activist,historically,dead,alive,died,born,before 2000,after 2000,yes,before 2000,Nancy Astor was a British politician. She died in Lincolnshire.,"She won well-deserved re-elections, so her biography states.",She,won,well-deserved,"re-elections, ",so her,biography states.,"Look at the picture of Nancy Astor, a British politician.",Nancy Astor*was*a British*politician.*She*died*in Lincolnshire.,"She*won*well-deserved*re-elections,*so her*biography states.",critical,PS,historicallyPS,yes,match,1,win,crit,crit,Nancy_Astor.png,yes
131,26,Margaret Thatcher,1925,2013,British,American,politician,activist,recently,dead,alive,died,born,before 2000,after 2000,no,after 2000,Margaret Thatcher was a British politician. She died in London.,"She has won well-deserved re-elections, so her biography states.",She,has won,well-deserved,"re-elections, ",so her,biography states.,"Look at the picture of Margaret Thatcher, a British politician.",Margaret Thatcher*was*a British*politician.*She*died*in London.,"She*has won*well-deserved*re-elections,*so her*biography states.",critical,PP,recentlyPP,no,recentlyPP,2,win,crit,crit,Margaret_Thatcher.jpg,yes
132,26,Margaret Thatcher,1925,2013,British,American,politician,activist,recently,dead,alive,died,born,before 2000,after 2000,no,after 2000,Margaret Thatcher was a British politician. She died in London.,"She won well-deserved re-elections, so her biography states.",She,won,well-deserved,"re-elections, ",so her,biography states.,"Look at the picture of Margaret Thatcher, a British politician.",Margaret Thatcher*was*a British*politician.*She*died*in London.,"She*won*well-deserved*re-elections,*so her*biography states.",critical,PS,recentlyPS,yes,match,3,win,crit,crit,Margaret_Thatcher.jpg,yes
135,31,Tommy Cooper,1921,1984,British,Danish,TV personality,musician,historically,dead,alive,died,born,before 2000,after 2000,yes,before 2000,Tommy Cooper was a British TV personality. He died in London.,"He has hosted high-ranking TV programs, as stated on Wikipedia.",He,has hosted,high-ranking,"TV programs,",as stated on,Wikipedia.,"Look at the picture of Tommy Cooper, a British TV personality.",Tommy Cooper*was*a British*TV personality.*He*died*in London.,"He*has hosted*high-ranking*TV programs,*as stated on*Wikipedia.",critical,PP,historicallyPP,no,historicallyPP,1,host,crit,crit,Tommy_Cooper.png,yes
136,31,Tommy Cooper,1921,1984,British,Danish,TV personality,musician,historically,dead,alive,died,born,before 2000,after 2000,yes,before 2000,Tommy Cooper was a British TV personality. He died in London.,"He hosted high-ranking TV programs, as stated on Wikipedia.",He,hosted,high-ranking,"TV programs,",as stated on,Wikipedia.,"Look at the picture of Tommy Cooper, a British TV personality.",Tommy Cooper*was*a British*TV personality.*He*died*in London.,"He*hosted*high-ranking*TV programs,*as stated on*Wikipedia.",critical,PS,historicallyPS,yes,match,2,host,crit,crit,Tommy_Cooper.png,yes
137,31,Larry King,1933,2021,American,German,TV personality,musician,recently,dead,alive,died,born,before 2000,after 2000,no,after 2000,Larry King was a British TV personality. He died in Los Angeles.,"He has hosted high-ranking TV programs, as stated on Wikipedia.",He,has hosted,high-ranking,"TV programs,",as stated on,Wikipedia.,"Look at the picture of Larry King, an American TV personality.",Larry King*was*a British*TV personality.*He*died*in Los Angeles.,"He*has hosted*high-ranking*TV programs,*as stated on*Wikipedia.",critical,PP,recentlyPP,no,recentlyPP,3,host,crit,crit,Larry_King.png,yes
138,31,Larry King,1933,2021,American,German,TV personality,musician,recently,dead,alive,died,born,before 2000,after 2000,no,after 2000,Larry King was a British TV personality. He died in Los Angeles.,"He hosted high-ranking TV programs, as stated on Wikipedia.",He,hosted,high-ranking,"TV programs,",as stated on,Wikipedia.,"Look at the picture of Larry King, an American TV personality.",Larry King*was*a British*TV personality.*He*died*in Los Angeles.,"He*hosted*high-ranking*TV programs,*as stated on*Wikipedia.",critical,PS,recentlyPS,yes,match,4,host,crit,crit,Larry_King.png,yes
141,32,Richard the Lionheart,1157  ,1199,English,Turkish,royal,activist,historically,dead,alive,died,born,before 2000,after 2000,yes,before 2000,Richard the Lionheart was an English royal. He died in France.,"He has received numerous royal titles, as reported by his biographer.",He,has received,numerous,"royal titles,",as reported by,his biographer.,"Look at the picture of Richard the Lionheart, an English royal.",Richard the Lionheart*was*an English*royal.*He*died*in France.,"He*has received*numerous*royal titles,*as reported by*his biographer.",critical,PP,historicallyPP,no,historicallyPP,2,receive,crit,crit,Richard_the_Lionheart.png,yes
142,32,Richard the Lionheart,1157  ,1199,English,Turkish,royal,activist,historically,dead,alive,died,born,before 2000,after 2000,yes,before 2000,Richard the Lionheart was an English royal. He died in France.,"He received numerous royal titles, as reported by his biographer.",He,received,numerous,"royal titles,",as reported by,his biographer.,"Look at the picture of Richard the Lionheart, an English royal.",Richard the Lionheart*was*an English*royal.*He*died*in France.,"He*received*numerous*royal titles,*as reported by*his biographer.",critical,PS,historicallyPS,yes,match,3,receive,crit,crit,Richard_the_Lionheart.png,yes
143,32,Prince Philip,1921,2021,British,American,royal,activist,recently,dead,alive,died,born,before 2000,after 2000,no,after 2000,Prince Philip was a British royal. He died in Windsor.,"He has received numerous royal titles, as reported by his biographer.",He,has received,numerous,"royal titles,",as reported by,his biographer.,"Look at the picture of Prince Philip, a British royal.",Prince Philip*was*a British*royal.*He*died*in Windsor.,"He*has received*numerous*royal titles,*as reported by*his biographer.",critical,PP,recentlyPP,no,recentlyPP,4,receive,crit,crit,Prince_Philip.png,yes
144,32,Prince Philip,1921,2021,British,American,royal,activist,recently,dead,alive,died,born,before 2000,after 2000,no,after 2000,Prince Philip was a British royal. He died in Windsor.,"He received numerous royal titles, as reported by his biographer.",He,received,numerous,"royal titles,",as reported by,his biographer.,"Look at the picture of Prince Philip, a British royal.",Prince Philip*was*a British*royal.*He*died*in Windsor.,"He*received*numerous*royal titles,*as reported by*his biographer.",critical,PS,recentlyPS,yes,match,5,receive,crit,crit,Prince_Philip.png,yes
146,99,William Shakespeare,1564,1616,English,Dutch,playwright,businessman,practice,dead,alive,died,were born,before 2000,after 2000,yes,before 2000,William Shakespeare was an English playwright. He died in 1616.,"He lives in Stratford-upon-Avon, if one believes Wikipedia.",practice,practice,practice,practice,practice,practice,"Look at the picture of William Shakespeare, an English playwright.",William Shakespeare*was*an English*playwright.*He*died*in 1616.,"He*lives*in Stratford-upon-Avon,*if one believes*Wikipedia.",practice,PresS,practice_deadPresS,no,praclice_deadPresS,99,live,Right!<p>Shakespeare doesn't live anywhere anymore!,Hmm...you should've said 'no'.<p>Shakespeare doesn't live anywhere anymore because  he's dead (in case you didn't know).,William_Shakespeare.jpg,yes
147,98,Toni Morrison,1931,2019,American ,German,novelist,scientist,practice,dead,alive,died,were born,before 2000,after 2000,no,after 2000,Toni Morrison was an American novelist from Ohio.,"She was awarded the Nobel Prize in Literature, as stated in her memoir.",practice,practice,practice,practice,practice,practice,"Look at the picture of Toni Morrison, an American  novelist.",Toni Morrison*was*an American*novelist*from Ohio.,"She*was awarded*the Nobel Prize*in Literature,*as stated in*her memoir.",practice,PastPass,practice_deadPastPass,yes,practice_match,99,award,Right!<p>The sentence was fine.,Hmm..<p>The last sentence fit well with thedescription and the photo. You should have responded 'yes'.,Toni_Morrison.jpg,yes
149,96,Audrey Hepburn,1929,1993,British,French,actress,politician,practice,dead,alive,died,were born,before 2000,after 2000,yes,before 2000,Audrey Hepburn was a British actress. She died in 1993.,"She is currently working on a new movie, so it's said.",practice,practice,practice,practice,practice,practice,"Look at the picture of Audrey Hepburn, a British actress.",Audrey Hepburn*was*a British*actress.*She*died*in 1993.,"She*is currently*working*on a new movie,*so it's*said.",practice,PastPass,practice_deadPastPass,no,practice_deadPresCont,99,be regarded,"Right!<p>The sentence does not fit, because she died and therefore cannot be currently doing something.",Hmm...you should've said 'no'.<p>She can't be currently working on a movie because she died (in case you didn't know).,Audrey_Hepburn.png,no
145,97,Shakira,1977,alive,Colombian,Cuban,singer,comedian,practice,alive,dead,were born,died,before 1925,after 1925,no,after 1925,Shakira is a Colombian singer. She was born and raised in Colombia.,"She has been called the 'Queen of Latin Music', so it's said.",practice,practice,practice,practice,practice,practice,"Look at the picture of Shakira, a Colombian singer.",Shakira*is*a Colombian*singer.*She*was born and raised*in Colombia.,"She*has been called*the 'Queen of Latin Music',*so it's*said.",practice,PPPass,practice_alivePPPass,yes,practice_match,99,be called,Right!<p>The sentence was fine.,Hmm..<p>The last sentence fit well with the description and the photo.,Shakira.jpg,yes
148,100,Ian McEwan,1948,alive,British,Austrian,novelist,director,practice,alive,dead,were born,died,before 1925,after 1925,no,after 1925,Ian McEwan is a British novelist. He has been married twice.,"Many of his novels have been adapted into films, according to news reports.",practice,practice,practice,practice,practice,practice,"Look at the picture of Ian McEwan, a British novelist.",Ian McEwan*is*a British*novelist.*He*has been*married*twice.,"Many of his*novels*have been adapted*into films,*according to*news reports.",practice,PP,practice_alivePPPass,yes,practice_match,99,adapt,Right!<p>The sentence was fine.,Hmm..<p>The last sentence fit well with the description and the photo. You should have responded 'yes'.,Ian_McEwan.jpg,no
